<?xml version="1.0" encoding="UTF-8"?>
<!DOCTYPE hibernate-mapping PUBLIC "-//Hibernate/Hibernate Mapping DTD 3.0//EN" "http://www.hibernate.org/dtd/hibernate-mapping-3.0.dtd">
<!-- Generated 28-mar-2019 16:01:23 by Hibernate Tools 4.3.1 -->
<hibernate-mapping>
  <class catalog="bdturbo" name="pf.Modelo.Etapa" optimistic-lock="version" table="etapa">
    <id name="idetapa" type="int">
      <column name="Idetapa"/>
      <generator class="assigned"/>
    </id>
    <property name="nombre" type="string">
      <column length="100" name="Nombre"/>
    </property>
    <set fetch="select" inverse="true" lazy="true" name="quejas" table="queja">
      <key>
        <column name="Idetapa" not-null="true"/>
      </key>
      <one-to-many class="pf.Modelo.Queja"/>
    </set>
  </class>
</hibernate-mapping>
