<?xml version="1.0" encoding="UTF-8"?>
<!DOCTYPE hibernate-mapping PUBLIC "-//Hibernate/Hibernate Mapping DTD 3.0//EN" "http://www.hibernate.org/dtd/hibernate-mapping-3.0.dtd">
<!-- Generated 28-mar-2019 16:01:23 by Hibernate Tools 4.3.1 -->
<hibernate-mapping>
  <class catalog="bdturbo" name="pf.Modelo.Llamada" optimistic-lock="version" table="llamada">
    <id name="idllamada" type="int">
      <column name="Idllamada"/>
      <generator class="assigned"/>
    </id>
    <property name="ntelefono" type="int">
      <column name="NTelefono" not-null="true"/>
    </property>
    <property name="ntecnico" type="string">
      <column length="100" name="NTecnico" not-null="true"/>
    </property>
    <property name="trabajo" type="string">
      <column length="100" name="Trabajo" not-null="true"/>
    </property>
    <property name="comentario" type="string">
      <column length="100" name="Comentario" not-null="true"/>
    </property>
    <property name="fecha" type="date">
      <column length="10" name="Fecha"/>
    </property>
  </class>
</hibernate-mapping>
