<?xml version="1.0" encoding="UTF-8"?>
<!DOCTYPE hibernate-mapping PUBLIC "-//Hibernate/Hibernate Mapping DTD 3.0//EN" "http://www.hibernate.org/dtd/hibernate-mapping-3.0.dtd">
<!-- Generated 28-mar-2019 16:01:23 by Hibernate Tools 4.3.1 -->
<hibernate-mapping>
  <class catalog="bdturbo" name="pf.Modelo.Queja" optimistic-lock="version" table="queja">
    <id name="nqueja" type="int">
      <column name="NQueja"/>
      <generator class="assigned"/>
    </id>
    <many-to-one class="pf.Modelo.Codigo" fetch="select" name="codigo">
      <column name="Codliq" not-null="true"/>
    </many-to-one>
    <many-to-one class="pf.Modelo.Etapa" fetch="select" name="etapa">
      <column name="Idetapa" not-null="true"/>
    </many-to-one>
    <property name="ntelefono" type="int">
      <column name="NTelefono" not-null="true"/>
    </property>
    <property name="trabajo" type="string">
      <column length="100" name="Trabajo" not-null="true"/>
    </property>
    <property name="comentario" type="string">
      <column length="100" name="Comentario" not-null="true"/>
    </property>
    <property name="fecha" type="date">
      <column length="10" name="Fecha"/>
    </property>
    <set fetch="select" inverse="true" lazy="true" name="rellamadas" table="rellamada">
      <key>
        <column name="NQueja" not-null="true"/>
      </key>
      <one-to-many class="pf.Modelo.Rellamada"/>
    </set>
  </class>
</hibernate-mapping>
