<?xml version="1.0" encoding="UTF-8"?>
<!DOCTYPE hibernate-mapping PUBLIC "-//Hibernate/Hibernate Mapping DTD 3.0//EN" "http://www.hibernate.org/dtd/hibernate-mapping-3.0.dtd">
<!-- Generated 28-mar-2019 16:01:23 by Hibernate Tools 4.3.1 -->
<hibernate-mapping>
  <class catalog="bdturbo" name="pf.Modelo.Rellamada" optimistic-lock="version" table="rellamada">
    <id name="idrellamada" type="int">
      <column name="Idrellamada"/>
      <generator class="assigned"/>
    </id>
    <many-to-one class="pf.Modelo.Codigo" fetch="select" name="codigo">
      <column name="Codliq" not-null="true"/>
    </many-to-one>
    <many-to-one class="pf.Modelo.Queja" fetch="select" name="queja">
      <column name="NQueja" not-null="true"/>
    </many-to-one>
    <property name="comentario" type="string">
      <column length="100" name="Comentario" not-null="true"/>
    </property>
    <property name="fecha" type="date">
      <column length="10" name="Fecha"/>
    </property>
  </class>
</hibernate-mapping>
