<?xml version="1.0" encoding="UTF-8"?>
<!DOCTYPE hibernate-mapping PUBLIC "-//Hibernate/Hibernate Mapping DTD 3.0//EN" "http://www.hibernate.org/dtd/hibernate-mapping-3.0.dtd">
<!-- Generated 28-mar-2019 16:01:23 by Hibernate Tools 4.3.1 -->
<hibernate-mapping>
  <class catalog="bdturbo" name="pf.Modelo.Usuario" optimistic-lock="version" table="usuario">
    <id name="usuario" type="string">
      <column length="20" name="Usuario"/>
      <generator class="assigned"/>
    </id>
    <property name="contrasena" type="string">
      <column length="20" name="Contrasena" not-null="true"/>
    </property>
  </class>
</hibernate-mapping>
